sysid;customerId;last;first;gender
1000;C1000;Buchanan;Zachary;F
1001;C1001;Reagan;Dwight;F
1002;C1002;Tyler;Abraham;F
1003;C1003;McKinley;William;F
1004;C1004;Wilson;Gerald;F
1005;C1005;Madison;Rutherford;M
1006;C1006;Van Buren;Richard;F
1007;C1007;Hayes;Calvin;F
1008;C1008;Jefferson;Franklin;F
1009;C1009;Reagan;Benjamin;M
1010;C1010;Garfield;Lyndon;M
1011;C1011;Hayes;Dwight;F
1012;C1012;Johnson;Theodore;F
1013;C1013;Coolidge;Jimmy;F
1014;C1014;Taft;Millard;M
1015;C1015;Eisenhower;Lyndon;F
1016;C1016;Ford;Millard;M
1017;C1017;Roosevelt;Bill;F
1018;C1018;Tyler;Calvin;F
1019;C1019;Harrison;Chester;M
1020;C1020;Adams;Martin;M
1021;C1021;Truman;Chester;M
1022;C1022;Polk;Ronald;F
1023;C1023;Adams;Dwight;M
1024;C1024;Nixon;Benjamin;F
1025;C1025;Madison;Harry;F
1026;C1026;Harrison;Calvin;F
1027;C1027;Johnson;Harry;M
1028;C1028;Hoover;Dwight;F
1029;C1029;Truman;Gerald;M
1030;C1030;Clinton;Martin;M
1031;C1031;Pierce;Woodrow;M
1032;C1032;Eisenhower;Millard;M
1033;C1033;Johnson;Calvin;F
1034;C1034;Taft;Theodore;M
1035;C1035;Jefferson;John;M
1036;C1036;Hayes;Chester;M
1037;C1037;Nixon;Millard;F
1038;C1038;Polk;William;F
1039;C1039;Taft;Gerald;M
1040;C1040;Monroe;Millard;F
1041;C1041;Quincy;Thomas;F
1042;C1042;Ford;Herbert;F
1043;C1043;Jefferson;Benjamin;M
1044;C1044;Roosevelt;George;M
1045;C1045;Harrison;William;M
1046;C1046;Hoover;Bill;M
1047;C1047;Carter;Lyndon;M
1048;C1048;Wilson;Bill;M
1049;C1049;Adams;Ulysses;M
1050;C1050;Washington;Lyndon;F
1051;C1051;Harrison;Thomas;F
1052;C1052;Quincy;Harry;F
1053;C1053;Kennedy;Warren;F
1054;C1054;Roosevelt;Theodore;F
1055;C1055;Jackson;Chester;F
1056;C1056;Hayes;Franklin;M
1057;C1057;Jackson;Bill;F
1058;C1058;Hoover;Lyndon;M
1059;C1059;Monroe;Woodrow;F
1060;C1060;Pierce;Warren;M
1061;C1061;Harding;Theodore;F
1062;C1062;Adams;Harry;F
1063;C1063;Carter;Warren;F
1064;C1064;Jackson;Rutherford;M
1065;C1065;Taft;William;F
1066;C1066;Jackson;Warren;F
1067;C1067;Ford;John;M
1068;C1068;Monroe;Herbert;F
1069;C1069;Johnson;John;F
1070;C1070;Van Buren;Theodore;F
1071;C1071;Madison;Jimmy;M
1072;C1072;Taft;Grover;F
1073;C1073;Grant;Chester;M
1074;C1074;Jackson;Richard;M
1075;C1075;Washington;Martin;M
1076;C1076;Coolidge;Franklin;M
1077;C1077;Quincy;Richard;M
1078;C1078;Jackson;Richard;M
1079;C1079;Grant;Zachary;F
1080;C1080;Monroe;George;F
1081;C1081;Harrison;Millard;F
1082;C1082;Jefferson;George;F
1083;C1083;Polk;Ronald;F
1084;C1084;Kennedy;George;F
1085;C1085;Carter;Warren;M
1086;C1086;McKinley;James;M
1087;C1087;Harrison;Benjamin;F
1088;C1088;Adams;Zachary;F
1089;C1089;Grant;James;M
1090;C1090;Cleveland;Warren;F
1091;C1091;Reagan;Richard;F
1092;C1092;Arthur;Theodore;M
1093;C1093;Taft;George;F
1094;C1094;Coolidge;Gerald;F
1095;C1095;Jefferson;William;M
1096;C1096;Cleveland;Chester;F
1097;C1097;Jackson;Millard;F
1098;C1098;Fillmore;Lyndon;F
1099;C1099;Buchanan;Bill;F
1100;C1100;Hayes;Chester;M
1101;C1101;Hayes;Franklin;F
1102;C1102;Wilson;Gerald;F
1103;C1103;Johnson;Harry;F
1104;C1104;Wilson;Jimmy;M
1105;C1105;Kennedy;Andrew;F
1106;C1106;Van Buren;Ronald;M
1107;C1107;Taylor;John;F
1108;C1108;Harrison;Lyndon;F
1109;C1109;Jefferson;Thomas;F
1110;C1110;Grant;Dwight;M
1111;C1111;Quincy;John;M
1112;C1112;Taft;Jimmy;M
1113;C1113;Harding;Jimmy;F
1114;C1114;Jackson;Grover;F
1115;C1115;Jackson;George;M
1116;C1116;Jefferson;Millard;M
1117;C1117;Grant;Bill;F
1118;C1118;Hayes;Gerald;F
1119;C1119;Coolidge;Millard;M
1120;C1120;Cleveland;Martin;F
1121;C1121;Garfield;Richard;F
1122;C1122;Washington;Lyndon;F
1123;C1123;McKinley;Dwight;F
1124;C1124;McKinley;Warren;M
1125;C1125;Harding;Millard;M
1126;C1126;McKinley;Rutherford;M
1127;C1127;Pierce;Harry;M
1128;C1128;Harrison;Martin;F
1129;C1129;Adams;Harry;M
1130;C1130;Monroe;Bill;F
1131;C1131;Van Buren;Richard;M
1132;C1132;Cleveland;Jimmy;M
1133;C1133;Monroe;Gerald;F
1134;C1134;Jackson;Richard;F
1135;C1135;Taft;Theodore;F
1136;C1136;Garfield;Ronald;M
1137;C1137;Tyler;Grover;M
1138;C1138;Truman;Grover;M
1139;C1139;Madison;Herbert;M
1140;C1140;Polk;Chester;F
1141;C1141;Jackson;Grover;M
1142;C1142;Quincy;Ronald;M
1143;C1143;Quincy;Gerald;F
1144;C1144;Hoover;Chester;F
1145;C1145;McKinley;Millard;M
1146;C1146;Truman;Chester;M
1147;C1147;Harrison;Jimmy;F
1148;C1148;Quincy;Bill;M
1149;C1149;Adams;Warren;F
1150;C1150;Tyler;Richard;M
1151;C1151;Jefferson;Herbert;M
1152;C1152;Harding;Calvin;F
1153;C1153;Madison;Benjamin;M
1154;C1154;Hayes;Bill;M
1155;C1155;Truman;Ronald;M
1156;C1156;Carter;George;M
1157;C1157;Nixon;Woodrow;M
1158;C1158;Harrison;Benjamin;F
1159;C1159;Taylor;Chester;F
1160;C1160;Harrison;Thomas;F
1161;C1161;Hayes;Benjamin;M
1162;C1162;Taft;Gerald;F
1163;C1163;Ford;Grover;F
1164;C1164;Grant;Richard;M
1165;C1165;Carter;John;M
1166;C1166;Roosevelt;Franklin;F
1167;C1167;Quincy;Rutherford;M
1168;C1168;Buchanan;Benjamin;M
1169;C1169;Wilson;Harry;M
1170;C1170;Arthur;Ronald;F
1171;C1171;Cleveland;Andrew;F
1172;C1172;Jefferson;Martin;M
1173;C1173;Grant;Rutherford;M
1174;C1174;Harrison;Franklin;M
1175;C1175;Adams;James;M
1176;C1176;Monroe;William;F
1177;C1177;Arthur;Woodrow;F
1178;C1178;Taft;George;F
1179;C1179;Coolidge;Millard;M
1180;C1180;Polk;Ronald;F
1181;C1181;Clinton;Woodrow;M
1182;C1182;Hayes;Franklin;M
1183;C1183;Reagan;Richard;M
1184;C1184;Harrison;Calvin;M
1185;C1185;Harrison;Benjamin;M
1186;C1186;Coolidge;Andrew;F
1187;C1187;Buchanan;Herbert;M
1188;C1188;Arthur;Grover;M
1189;C1189;McKinley;Rutherford;F
1190;C1190;Wilson;Abraham;F
1191;C1191;Garfield;Thomas;F
1192;C1192;Taft;Andrew;F
1193;C1193;Tyler;James;F
1194;C1194;Taft;William;F
1195;C1195;Eisenhower;Calvin;M
1196;C1196;Coolidge;James;M
1197;C1197;Van Buren;Chester;F
1198;C1198;Garfield;Abraham;M
1199;C1199;Pierce;George;M
1200;C1200;Truman;William;M
1201;C1201;Roosevelt;Benjamin;F
1202;C1202;Adams;Lyndon;M
1203;C1203;Johnson;Andrew;F
1204;C1204;Ford;Millard;M
1205;C1205;Grant;Warren;M
1206;C1206;Truman;Thomas;F
1207;C1207;Clinton;Thomas;F
1208;C1208;Washington;Richard;M
1209;C1209;Reagan;Richard;M
1210;C1210;Buchanan;Thomas;F
1211;C1211;Van Buren;Gerald;F
1212;C1212;Hayes;Millard;M
1213;C1213;Jefferson;Richard;F
1214;C1214;Garfield;Richard;M
1215;C1215;Monroe;Theodore;M
1216;C1216;Jefferson;Thomas;M
1217;C1217;Kennedy;Ulysses;F
1218;C1218;Taft;Richard;F
1219;C1219;Fillmore;Martin;M
1220;C1220;Pierce;Benjamin;M
1221;C1221;Harrison;Ulysses;F
1222;C1222;Taft;Rutherford;F
1223;C1223;Jackson;Herbert;F
1224;C1224;Roosevelt;John;F
1225;C1225;Wilson;Richard;F
1226;C1226;Taft;Woodrow;F
1227;C1227;Arthur;Harry;F
1228;C1228;Reagan;Thomas;M
1229;C1229;Fillmore;Benjamin;F
1230;C1230;Tyler;Ulysses;F
1231;C1231;Nixon;Bill;M
1232;C1232;Carter;Harry;M
1233;C1233;Pierce;Chester;M
1234;C1234;Washington;Ronald;F
1235;C1235;Pierce;Richard;M
1236;C1236;Harding;Martin;M
1237;C1237;Coolidge;Harry;M
1238;C1238;Buchanan;Lyndon;F
1239;C1239;Polk;William;M
1240;C1240;Garfield;Theodore;F
1241;C1241;Arthur;Grover;F
1242;C1242;Harrison;Gerald;F
1243;C1243;Buchanan;Rutherford;F
1244;C1244;Reagan;James;M
1245;C1245;Madison;Warren;M
1246;C1246;Adams;Andrew;F
1247;C1247;Monroe;Rutherford;F
1248;C1248;Taft;Grover;F
1249;C1249;Hoover;Warren;M
1250;C1250;Polk;Thomas;M
1251;C1251;Jackson;Calvin;M
1252;C1252;Cleveland;Warren;F
1253;C1253;Tyler;Grover;F
1254;C1254;Madison;Ronald;F
1255;C1255;Reagan;Gerald;F
1256;C1256;Van Buren;Richard;M
1257;C1257;Johnson;Lyndon;F
1258;C1258;Garfield;Lyndon;F
1259;C1259;Harrison;Gerald;F
1260;C1260;Harding;Gerald;M
1261;C1261;Pierce;Herbert;M
1262;C1262;Clinton;Jimmy;F
1263;C1263;Eisenhower;Ronald;M
1264;C1264;Garfield;Gerald;F
1265;C1265;Adams;Thomas;F
1266;C1266;Johnson;John;F
1267;C1267;Clinton;Ulysses;F
1268;C1268;Arthur;Calvin;F
1269;C1269;Fillmore;Andrew;F
1270;C1270;Harrison;Andrew;F
1271;C1271;Polk;Gerald;M
1272;C1272;McKinley;Lyndon;M
1273;C1273;Harrison;Jimmy;F
1274;C1274;Eisenhower;Jimmy;M
1275;C1275;Harding;Bill;F
1276;C1276;Van Buren;Calvin;M
1277;C1277;Jackson;Warren;M
1278;C1278;Coolidge;Abraham;M
1279;C1279;Ford;Herbert;M
1280;C1280;Taylor;Grover;M
1281;C1281;Taylor;Andrew;M
1282;C1282;Washington;Andrew;F
1283;C1283;Van Buren;Dwight;M
1284;C1284;Johnson;Ronald;M
1285;C1285;Roosevelt;Lyndon;M
1286;C1286;Polk;Bill;F
1287;C1287;Adams;Harry;F
1288;C1288;Adams;Benjamin;M
1289;C1289;Cleveland;John;M
1290;C1290;Coolidge;Martin;F
1291;C1291;Quincy;John;M
1292;C1292;Wilson;John;M
1293;C1293;Harrison;Woodrow;F
1294;C1294;Hayes;Millard;F
1295;C1295;Cleveland;James;F
1296;C1296;McKinley;Warren;M
1297;C1297;Fillmore;Ulysses;F
1298;C1298;Garfield;Martin;M
1299;C1299;Adams;Chester;M
1300;C1300;Ford;John;F
1301;C1301;Grant;Ronald;F
1302;C1302;Roosevelt;Richard;F
1303;C1303;Pierce;Dwight;M
1304;C1304;Van Buren;Ronald;F
1305;C1305;Harding;Harry;M
1306;C1306;Eisenhower;Harry;F
1307;C1307;Madison;Theodore;F
1308;C1308;Van Buren;Martin;M
1309;C1309;Nixon;William;M
1310;C1310;Fillmore;Bill;F
1311;C1311;Jackson;Gerald;F
1312;C1312;Ford;Thomas;M
1313;C1313;Harrison;Herbert;M
1314;C1314;Harding;Franklin;F
1315;C1315;Johnson;Lyndon;F
1316;C1316;Reagan;Ulysses;M
1317;C1317;Roosevelt;Ronald;M
1318;C1318;Nixon;Richard;F
1319;C1319;Cleveland;Ulysses;M
1320;C1320;Reagan;Ulysses;M
1321;C1321;Garfield;Rutherford;M
1322;C1322;McKinley;John;M
1323;C1323;Madison;Calvin;F
1324;C1324;Reagan;George;F
1325;C1325;Johnson;Calvin;F
1326;C1326;McKinley;Andrew;M
1327;C1327;Cleveland;George;M
1328;C1328;Garfield;Franklin;F
1329;C1329;Harrison;Rutherford;M
1330;C1330;Garfield;Chester;F
1331;C1331;Johnson;Martin;M
1332;C1332;Grant;Woodrow;M
1333;C1333;Arthur;Ronald;F
1334;C1334;Arthur;Benjamin;F
1335;C1335;Polk;Gerald;M
1336;C1336;Taft;Ronald;F
1337;C1337;Adams;Gerald;M
1338;C1338;Harrison;George;F
1339;C1339;Adams;Harry;F
1340;C1340;Johnson;Benjamin;F
1341;C1341;McKinley;Chester;M
1342;C1342;Adams;George;M
1343;C1343;Madison;John;F
1344;C1344;Van Buren;Rutherford;M
1345;C1345;Johnson;Calvin;M
1346;C1346;Harding;Harry;F
1347;C1347;Adams;Abraham;F
1348;C1348;Polk;Benjamin;M
1349;C1349;Roosevelt;Ronald;M
1350;C1350;Ford;Chester;M
1351;C1351;Harrison;Lyndon;F
1352;C1352;Johnson;Bill;M
1353;C1353;Eisenhower;Theodore;M
1354;C1354;Johnson;Theodore;F
1355;C1355;Coolidge;Harry;M
1356;C1356;Hayes;Richard;M
1357;C1357;Harding;William;F
1358;C1358;Reagan;Rutherford;F
1359;C1359;Quincy;Rutherford;F
1360;C1360;Harrison;George;F
1361;C1361;McKinley;Gerald;F
1362;C1362;Kennedy;Dwight;M
1363;C1363;Eisenhower;George;F
1364;C1364;Monroe;Woodrow;M
1365;C1365;Nixon;Gerald;F
1366;C1366;Nixon;Herbert;F
1367;C1367;Nixon;William;F
1368;C1368;Grant;Millard;F
1369;C1369;Lincoln;Martin;F
1370;C1370;Jefferson;Dwight;F
1371;C1371;McKinley;Ulysses;F
1372;C1372;McKinley;Lyndon;F
1373;C1373;Harding;John;F
1374;C1374;McKinley;Andrew;F
1375;C1375;Buchanan;Benjamin;F
1376;C1376;Lincoln;Warren;F
1377;C1377;Clinton;Bill;F
1378;C1378;Cleveland;Franklin;F
1379;C1379;Roosevelt;Chester;M
1380;C1380;Reagan;Woodrow;F
1381;C1381;Harding;Thomas;M
1382;C1382;Adams;Franklin;F
1383;C1383;Hoover;James;M
1384;C1384;Clinton;Rutherford;F
1385;C1385;Monroe;Chester;F
1386;C1386;Nixon;Jimmy;M
1387;C1387;Roosevelt;Bill;M
1388;C1388;Hayes;Zachary;M
1389;C1389;Hayes;Grover;M
1390;C1390;Washington;William;M
1391;C1391;Madison;Lyndon;M
1392;C1392;Adams;Richard;F
1393;C1393;Arthur;Richard;F
1394;C1394;Van Buren;Ulysses;F
1395;C1395;Nixon;Grover;M
1396;C1396;Grant;Dwight;M
1397;C1397;Van Buren;James;M
1398;C1398;Hayes;Andrew;F
1399;C1399;Jefferson;Richard;M
1400;C1400;Buchanan;Andrew;M
1401;C1401;Quincy;Franklin;F
1402;C1402;Kennedy;Zachary;F
1403;C1403;Hoover;Lyndon;F
1404;C1404;Garfield;Martin;F
1405;C1405;Jefferson;John;F
1406;C1406;Buchanan;Richard;F
1407;C1407;Harrison;Martin;M
1408;C1408;Garfield;Woodrow;F
1409;C1409;Van Buren;Dwight;F
1410;C1410;Hayes;Jimmy;F
1411;C1411;Madison;Harry;F
1412;C1412;McKinley;Franklin;M
1413;C1413;Hoover;Warren;F
1414;C1414;Buchanan;Calvin;F
1415;C1415;Taft;Herbert;M
1416;C1416;Pierce;Abraham;F
1417;C1417;Jackson;Ulysses;F
1418;C1418;Pierce;Andrew;M
1419;C1419;Taft;Woodrow;M
1420;C1420;Garfield;Jimmy;M
1421;C1421;Reagan;Lyndon;M
1422;C1422;Harrison;Herbert;F
1423;C1423;Washington;Bill;M
1424;C1424;Harrison;Franklin;F
1425;C1425;Taft;Warren;F
1426;C1426;Taylor;Chester;M
1427;C1427;Eisenhower;Warren;F
1428;C1428;Kennedy;Harry;M
1429;C1429;Polk;Jimmy;F
1430;C1430;Johnson;Rutherford;M
1431;C1431;Van Buren;Harry;M
1432;C1432;Hoover;Ulysses;F
1433;C1433;Polk;Harry;F
1434;C1434;Adams;George;F
1435;C1435;Clinton;Woodrow;F
1436;C1436;Coolidge;Ronald;F
1437;C1437;Madison;Abraham;M
1438;C1438;Hayes;Andrew;F
1439;C1439;Taylor;George;M
1440;C1440;Pierce;Herbert;M
1441;C1441;Adams;Ulysses;F
1442;C1442;McKinley;Franklin;M
1443;C1443;Adams;Jimmy;F
1444;C1444;Grant;Jimmy;M
1445;C1445;McKinley;William;F
1446;C1446;Tyler;Richard;F
1447;C1447;Reagan;Theodore;M
1448;C1448;Hayes;Franklin;M
1449;C1449;Madison;Abraham;F
1450;C1450;Adams;Ronald;F
1451;C1451;Grant;Herbert;M
1452;C1452;Adams;William;F
1453;C1453;Washington;Ulysses;F
1454;C1454;Arthur;Martin;M
1455;C1455;Buchanan;Warren;F
1456;C1456;Lincoln;Grover;M
1457;C1457;Adams;Harry;M
1458;C1458;Jefferson;Jimmy;M
1459;C1459;Lincoln;Franklin;M
1460;C1460;Clinton;Martin;F
1461;C1461;McKinley;Herbert;F
1462;C1462;Wilson;Andrew;M
1463;C1463;Harding;Jimmy;F
1464;C1464;Jefferson;Richard;F
1465;C1465;Hayes;Bill;M
1466;C1466;Harding;Rutherford;M
1467;C1467;Polk;Andrew;M
1468;C1468;Adams;John;F
1469;C1469;Jefferson;Harry;F
1470;C1470;Roosevelt;Calvin;F
1471;C1471;Garfield;Harry;M
1472;C1472;Roosevelt;Richard;F
1473;C1473;Johnson;Harry;M
1474;C1474;Roosevelt;Theodore;F
1475;C1475;Washington;Grover;F
1476;C1476;Harding;James;F
1477;C1477;Eisenhower;Jimmy;F
1478;C1478;Jackson;Jimmy;F
1479;C1479;Polk;Millard;F
1480;C1480;Jackson;Martin;M
1481;C1481;Adams;Ulysses;M
1482;C1482;Madison;Benjamin;F
1483;C1483;Roosevelt;Harry;M
1484;C1484;Tyler;Gerald;F
1485;C1485;Washington;Benjamin;F
1486;C1486;Quincy;Dwight;F
1487;C1487;Garfield;Martin;M
1488;C1488;Polk;Gerald;F
1489;C1489;Buchanan;Abraham;F
1490;C1490;Jackson;Gerald;M
1491;C1491;McKinley;Grover;M
1492;C1492;Roosevelt;Martin;F
1493;C1493;Harding;George;F
1494;C1494;Hayes;Millard;M
1495;C1495;Nixon;Calvin;F
1496;C1496;Quincy;Ronald;F
1497;C1497;Adams;Martin;F
1498;C1498;Polk;Calvin;M
1499;C1499;McKinley;Calvin;M
1500;C1500;Pierce;Jimmy;F
1501;C1501;Washington;John;M
1502;C1502;Lincoln;Dwight;M
1503;C1503;Washington;William;F
1504;C1504;Arthur;Richard;F
1505;C1505;Kennedy;Warren;F
1506;C1506;Cleveland;Bill;M
1507;C1507;Jackson;Andrew;F
1508;C1508;Fillmore;Andrew;F
1509;C1509;Lincoln;Calvin;F
1510;C1510;Truman;Calvin;M
1511;C1511;Fillmore;Jimmy;M
1512;C1512;Quincy;Andrew;F
1513;C1513;Truman;Ulysses;M
1514;C1514;Hayes;Grover;M
1515;C1515;Fillmore;Benjamin;M
1516;C1516;Kennedy;Dwight;M
1517;C1517;Clinton;Franklin;M
1518;C1518;Madison;Rutherford;F
1519;C1519;Coolidge;Harry;F
1520;C1520;Grant;Lyndon;F
1521;C1521;Harding;Woodrow;F
1522;C1522;Washington;George;M
1523;C1523;Roosevelt;William;M
1524;C1524;Garfield;John;M
1525;C1525;Wilson;Rutherford;M
1526;C1526;Cleveland;Herbert;M
1527;C1527;Reagan;George;F
1528;C1528;Cleveland;Herbert;M
1529;C1529;Adams;Benjamin;M
1530;C1530;Tyler;Herbert;M
1531;C1531;Arthur;Woodrow;M
1532;C1532;Harrison;Ulysses;F
1533;C1533;Eisenhower;Warren;F
1534;C1534;Madison;Richard;M
1535;C1535;Cleveland;Lyndon;M
1536;C1536;Polk;Ulysses;M
1537;C1537;Eisenhower;Martin;M
1538;C1538;Arthur;Zachary;M
1539;C1539;Van Buren;George;M
1540;C1540;Buchanan;Bill;M
1541;C1541;Harrison;Calvin;M
1542;C1542;Truman;Andrew;F
1543;C1543;Madison;Ulysses;F
1544;C1544;Quincy;Thomas;F
1545;C1545;McKinley;William;M
1546;C1546;Eisenhower;Millard;F
1547;C1547;Kennedy;Millard;M
1548;C1548;Coolidge;Abraham;M
1549;C1549;McKinley;Franklin;F
1550;C1550;Taylor;Grover;M
1551;C1551;Truman;Warren;M
1552;C1552;Nixon;Woodrow;M
1553;C1553;Monroe;Ronald;M
1554;C1554;Fillmore;Zachary;M
1555;C1555;Roosevelt;Richard;M
1556;C1556;Harrison;Harry;M
1557;C1557;Adams;Martin;M
1558;C1558;Grant;John;M
1559;C1559;Buchanan;Abraham;M
1560;C1560;Wilson;Millard;F
1561;C1561;Hoover;Bill;F
1562;C1562;Kennedy;John;M
1563;C1563;Polk;George;F
1564;C1564;Harrison;Harry;M
1565;C1565;Adams;Rutherford;F
1566;C1566;Hoover;James;F
1567;C1567;Hoover;Grover;M
1568;C1568;McKinley;William;F
1569;C1569;Clinton;James;F
1570;C1570;Quincy;Calvin;M
1571;C1571;Roosevelt;Abraham;F
1572;C1572;Coolidge;Richard;F
1573;C1573;Harrison;Gerald;F
1574;C1574;Van Buren;William;F
1575;C1575;Nixon;Harry;M
1576;C1576;Tyler;Grover;F
1577;C1577;Adams;Dwight;M
1578;C1578;Jackson;Lyndon;F
1579;C1579;Arthur;John;M
1580;C1580;Washington;Theodore;M
1581;C1581;Kennedy;John;F
1582;C1582;Jackson;John;F
1583;C1583;Johnson;Herbert;M
1584;C1584;Hoover;James;F
1585;C1585;Monroe;Theodore;M
1586;C1586;Taylor;Lyndon;M
1587;C1587;Buchanan;Harry;M
1588;C1588;Carter;Warren;M
1589;C1589;Coolidge;Benjamin;F
1590;C1590;Jackson;Gerald;M
1591;C1591;Carter;Bill;M
1592;C1592;Eisenhower;Benjamin;M
1593;C1593;Jefferson;James;F
1594;C1594;Jefferson;Thomas;F
1595;C1595;Arthur;Richard;F
1596;C1596;Ford;Abraham;F
1597;C1597;Ford;Harry;F
1598;C1598;Jackson;Jimmy;M
1599;C1599;Ford;Lyndon;M
1600;C1600;Roosevelt;Zachary;M
1601;C1601;Roosevelt;Harry;F
1602;C1602;Harrison;Lyndon;M
1603;C1603;Pierce;Grover;M
1604;C1604;Lincoln;Herbert;F
1605;C1605;Johnson;William;F
1606;C1606;Pierce;Bill;F
1607;C1607;Fillmore;Harry;M
1608;C1608;Harrison;Dwight;M
1609;C1609;Harrison;Woodrow;M
1610;C1610;Hoover;Millard;M
1611;C1611;Reagan;Theodore;M
1612;C1612;Roosevelt;Martin;F
1613;C1613;Harrison;Dwight;F
1614;C1614;Harrison;Ronald;F
1615;C1615;Johnson;Lyndon;M
1616;C1616;Madison;Franklin;F
1617;C1617;McKinley;Theodore;F
1618;C1618;Johnson;Richard;M
1619;C1619;Hayes;William;F
1620;C1620;Kennedy;Calvin;M
1621;C1621;Pierce;Franklin;M
1622;C1622;Clinton;Abraham;M
1623;C1623;Grant;William;M
1624;C1624;Madison;Rutherford;F
1625;C1625;Harrison;Theodore;M
1626;C1626;Quincy;Calvin;M
1627;C1627;Garfield;George;M
1628;C1628;Adams;James;F
1629;C1629;Harding;Benjamin;M
1630;C1630;Clinton;Richard;F
1631;C1631;Coolidge;Lyndon;M
1632;C1632;Taylor;Jimmy;F
1633;C1633;Pierce;Thomas;M
1634;C1634;McKinley;Ronald;F
1635;C1635;Adams;Harry;F
1636;C1636;Eisenhower;Jimmy;F
1637;C1637;Jackson;Calvin;M
1638;C1638;Madison;Woodrow;F
1639;C1639;Taylor;John;F
1640;C1640;Johnson;Gerald;F
1641;C1641;Buchanan;Ronald;M
1642;C1642;McKinley;Jimmy;F
1643;C1643;Clinton;Jimmy;F
1644;C1644;Cleveland;Bill;M
1645;C1645;Jackson;Dwight;F
1646;C1646;Tyler;Jimmy;M
1647;C1647;Roosevelt;Ulysses;F
1648;C1648;Grant;Chester;F
1649;C1649;Quincy;Andrew;M
1650;C1650;Coolidge;Herbert;F
1651;C1651;Garfield;William;M
1652;C1652;McKinley;Grover;F
1653;C1653;Madison;Abraham;F
1654;C1654;Wilson;Grover;M
1655;C1655;Wilson;Abraham;F
1656;C1656;Jefferson;George;F
1657;C1657;Cleveland;Millard;M
1658;C1658;Grant;Woodrow;M
1659;C1659;Buchanan;Ulysses;M
1660;C1660;Coolidge;Rutherford;M
1661;C1661;McKinley;Dwight;M
1662;C1662;Arthur;William;F
1663;C1663;Quincy;Rutherford;M
1664;C1664;Reagan;Gerald;M
1665;C1665;Polk;Andrew;F
1666;C1666;Kennedy;Lyndon;M
1667;C1667;Harrison;Richard;F
1668;C1668;Clinton;William;F
1669;C1669;Harrison;Ulysses;F
1670;C1670;McKinley;Jimmy;M
1671;C1671;Taylor;Lyndon;F
1672;C1672;Lincoln;Theodore;M
1673;C1673;Pierce;Benjamin;M
1674;C1674;Madison;Theodore;F
1675;C1675;Hoover;Benjamin;F
1676;C1676;Taft;Thomas;F
1677;C1677;Hoover;Calvin;M
1678;C1678;Harrison;Dwight;F
1679;C1679;Washington;Ulysses;M
1680;C1680;Harrison;Theodore;F
1681;C1681;Grant;Andrew;M
1682;C1682;Harrison;Woodrow;F
1683;C1683;Truman;Harry;F
1684;C1684;Pierce;Woodrow;M
1685;C1685;Hoover;Andrew;M
1686;C1686;Lincoln;Franklin;F
1687;C1687;Johnson;Warren;F
1688;C1688;Taft;Franklin;M
1689;C1689;Johnson;Richard;M
1690;C1690;Cleveland;Gerald;M
1691;C1691;Tyler;Martin;F
1692;C1692;Johnson;Warren;M
1693;C1693;Tyler;Franklin;F
1694;C1694;Truman;Chester;M
1695;C1695;Madison;Richard;M
1696;C1696;Hayes;William;M
1697;C1697;Monroe;Lyndon;M
1698;C1698;Washington;Franklin;F
1699;C1699;Jefferson;Ronald;F
1700;C1700;Carter;Ulysses;F
1701;C1701;Fillmore;Franklin;F
1702;C1702;Jackson;Andrew;F
1703;C1703;Truman;Calvin;F
1704;C1704;Reagan;Calvin;F
1705;C1705;Johnson;Martin;F
1706;C1706;Jefferson;Bill;M
1707;C1707;Van Buren;Ronald;M
1708;C1708;Monroe;Jimmy;F
1709;C1709;Harrison;Thomas;M
1710;C1710;Jackson;Lyndon;F
1711;C1711;Carter;Ulysses;F
1712;C1712;Polk;Millard;M
1713;C1713;Washington;Thomas;M
1714;C1714;Wilson;William;F
1715;C1715;Van Buren;Grover;M
1716;C1716;Adams;Lyndon;F
1717;C1717;Ford;Benjamin;F
1718;C1718;Madison;Woodrow;M
1719;C1719;McKinley;Warren;M
1720;C1720;Buchanan;Chester;F
1721;C1721;Clinton;Rutherford;F
1722;C1722;Eisenhower;Chester;F
1723;C1723;Garfield;Warren;F
1724;C1724;Harding;Rutherford;M
1725;C1725;Van Buren;Andrew;F
1726;C1726;Hayes;Benjamin;F
1727;C1727;Hayes;Grover;M
1728;C1728;Harding;John;M
1729;C1729;Roosevelt;Benjamin;F
1730;C1730;Cleveland;Chester;F
1731;C1731;Jefferson;Lyndon;F
1732;C1732;Tyler;William;F
1733;C1733;Cleveland;Calvin;M
1734;C1734;Buchanan;Rutherford;M
1735;C1735;Reagan;Harry;F
1736;C1736;Hoover;Harry;M
1737;C1737;Carter;William;F
1738;C1738;Hayes;Jimmy;F
1739;C1739;Harrison;Harry;F
1740;C1740;Jefferson;Theodore;M
1741;C1741;Harding;Rutherford;F
1742;C1742;Tyler;Ulysses;F
1743;C1743;Johnson;Jimmy;F
1744;C1744;Taylor;Calvin;F
1745;C1745;Reagan;Bill;F
1746;C1746;Polk;Benjamin;M
1747;C1747;Johnson;George;M
1748;C1748;Harding;Lyndon;F
1749;C1749;Johnson;Chester;M
1750;C1750;Hoover;Millard;F
1751;C1751;Coolidge;Lyndon;M
1752;C1752;Reagan;Ronald;F
1753;C1753;Roosevelt;Harry;F
1754;C1754;Arthur;William;F
1755;C1755;Taylor;Ronald;F
1756;C1756;Ford;Martin;F
1757;C1757;Buchanan;Thomas;M
1758;C1758;Arthur;Thomas;F
1759;C1759;Clinton;Lyndon;M
1760;C1760;Quincy;Jimmy;M
1761;C1761;Roosevelt;Franklin;M
1762;C1762;Adams;Jimmy;F
1763;C1763;Madison;Theodore;M
1764;C1764;Adams;James;F
1765;C1765;Cleveland;Lyndon;F
1766;C1766;Harrison;Jimmy;F
1767;C1767;Harrison;Chester;M
1768;C1768;Clinton;Thomas;F
1769;C1769;Garfield;Grover;M
1770;C1770;Wilson;Jimmy;F
1771;C1771;Taft;Herbert;F
1772;C1772;Clinton;Ulysses;M
1773;C1773;Buchanan;George;M
1774;C1774;Roosevelt;Thomas;M
1775;C1775;Harrison;William;M
1776;C1776;Johnson;Millard;F
1777;C1777;Wilson;Dwight;F
1778;C1778;Buchanan;Warren;M
1779;C1779;Pierce;Andrew;M
1780;C1780;Adams;Martin;M
1781;C1781;Ford;Harry;M
1782;C1782;Hoover;Chester;M
1783;C1783;Monroe;Grover;M
1784;C1784;Harding;Herbert;M
1785;C1785;McKinley;Dwight;F
1786;C1786;Harrison;Calvin;M
1787;C1787;Roosevelt;Ulysses;M
1788;C1788;Hayes;Lyndon;M
1789;C1789;Hayes;Jimmy;M
1790;C1790;Tyler;Richard;M
1791;C1791;Adams;Andrew;M
1792;C1792;Adams;Warren;F
1793;C1793;Polk;Millard;M
1794;C1794;Eisenhower;Dwight;M
1795;C1795;Johnson;Jimmy;F
1796;C1796;Kennedy;Jimmy;F
1797;C1797;Harrison;Herbert;M
1798;C1798;Coolidge;Herbert;M
1799;C1799;Pierce;George;M
1800;C1800;Harrison;Ulysses;M
1801;C1801;Hoover;Lyndon;F
1802;C1802;Johnson;Grover;F
1803;C1803;Clinton;William;F
1804;C1804;Harding;Millard;F
1805;C1805;Hayes;Grover;M
1806;C1806;Roosevelt;George;F
1807;C1807;Wilson;George;M
1808;C1808;Nixon;Theodore;F
1809;C1809;Garfield;Ulysses;M
1810;C1810;Eisenhower;James;F
1811;C1811;Pierce;Millard;M
1812;C1812;Hayes;Herbert;F
1813;C1813;Wilson;Bill;M
1814;C1814;McKinley;Woodrow;F
1815;C1815;Hoover;Warren;F
1816;C1816;Grant;James;M
1817;C1817;Roosevelt;Warren;F
1818;C1818;Monroe;Bill;M
1819;C1819;Johnson;Chester;M
1820;C1820;Hoover;Abraham;M
1821;C1821;Monroe;Warren;M
1822;C1822;Cleveland;Andrew;F
1823;C1823;Washington;Andrew;F
1824;C1824;Wilson;Bill;M
1825;C1825;Nixon;Andrew;M
1826;C1826;Clinton;Woodrow;F
1827;C1827;Pierce;Chester;M
1828;C1828;Johnson;Warren;M
1829;C1829;Tyler;Woodrow;M
1830;C1830;Grant;Ronald;F
1831;C1831;Harding;Gerald;F
1832;C1832;Quincy;James;F
1833;C1833;Grant;John;F
1834;C1834;Quincy;Warren;M
1835;C1835;Jackson;John;M
1836;C1836;Tyler;Harry;F
1837;C1837;Coolidge;James;F
1838;C1838;Johnson;Bill;F
1839;C1839;Quincy;Gerald;F
1840;C1840;Adams;Theodore;F
1841;C1841;Carter;Chester;F
1842;C1842;Jefferson;Millard;F
1843;C1843;Washington;Jimmy;M
1844;C1844;Adams;Thomas;F
1845;C1845;Truman;Ulysses;F
1846;C1846;Jackson;Ulysses;F
1847;C1847;Washington;Martin;F
1848;C1848;Tyler;Bill;M
1849;C1849;Jefferson;Theodore;F
1850;C1850;Harding;Woodrow;M
1851;C1851;Jefferson;Warren;F
1852;C1852;Arthur;Rutherford;M
1853;C1853;Reagan;Ronald;F
1854;C1854;Hoover;Theodore;M
1855;C1855;Harding;Theodore;F
1856;C1856;Taft;Bill;M
1857;C1857;Roosevelt;William;F
1858;C1858;Eisenhower;Warren;F
1859;C1859;Garfield;Dwight;M
1860;C1860;Coolidge;Harry;F
1861;C1861;Buchanan;Martin;M
1862;C1862;Grant;Abraham;F
1863;C1863;Reagan;Dwight;M
1864;C1864;Jackson;Theodore;F
1865;C1865;Grant;Gerald;M
1866;C1866;Roosevelt;Richard;M
1867;C1867;Buchanan;Herbert;M
1868;C1868;Quincy;John;M
1869;C1869;Hoover;Theodore;M
1870;C1870;Jefferson;Andrew;F
1871;C1871;Wilson;James;F
1872;C1872;Monroe;William;F
1873;C1873;Adams;Warren;M
1874;C1874;Truman;Martin;F
1875;C1875;Quincy;Dwight;F
1876;C1876;Roosevelt;Martin;M
1877;C1877;Nixon;Andrew;M
1878;C1878;Clinton;Theodore;M
1879;C1879;Hayes;Dwight;F
1880;C1880;Lincoln;Andrew;F
1881;C1881;Ford;William;F
1882;C1882;McKinley;George;F
1883;C1883;Carter;Abraham;F
1884;C1884;Tyler;Dwight;F
1885;C1885;Garfield;Harry;M
1886;C1886;Jefferson;Benjamin;F
1887;C1887;Buchanan;Ronald;F
1888;C1888;McKinley;Rutherford;F
1889;C1889;Carter;John;M
1890;C1890;Jackson;Chester;F
1891;C1891;Cleveland;James;M
1892;C1892;Harrison;Grover;M
1893;C1893;Taft;Woodrow;F
1894;C1894;Johnson;Lyndon;F
1895;C1895;Madison;Ronald;F
1896;C1896;Taft;Martin;F
1897;C1897;Truman;James;F
1898;C1898;Reagan;Martin;M
1899;C1899;Nixon;Abraham;F
1900;C1900;Madison;Woodrow;F
1901;C1901;Tyler;Benjamin;F
1902;C1902;Roosevelt;William;F
1903;C1903;Pierce;Grover;M
1904;C1904;Clinton;Chester;F
1905;C1905;Cleveland;Martin;F
1906;C1906;Johnson;Chester;F
1907;C1907;Harding;Rutherford;F
1908;C1908;Eisenhower;Andrew;F
1909;C1909;Buchanan;Franklin;F
1910;C1910;Taylor;Dwight;M
1911;C1911;Washington;Zachary;M
1912;C1912;Arthur;Franklin;M
1913;C1913;Truman;Herbert;M
1914;C1914;Harrison;Ulysses;M
1915;C1915;Buchanan;Dwight;M
1916;C1916;Johnson;Chester;F
1917;C1917;Wilson;Grover;M
1918;C1918;Taylor;Dwight;F
1919;C1919;Fillmore;Millard;F
1920;C1920;Harding;Woodrow;M
1921;C1921;Buchanan;Lyndon;M
1922;C1922;Jackson;Martin;M
1923;C1923;Harrison;Bill;F
1924;C1924;Harding;Dwight;F
1925;C1925;Eisenhower;Thomas;M
1926;C1926;Coolidge;Gerald;M
1927;C1927;Van Buren;Ulysses;M
1928;C1928;Reagan;Richard;M
1929;C1929;Harrison;Ronald;F
1930;C1930;Madison;Herbert;M
1931;C1931;Polk;Abraham;M
1932;C1932;Johnson;Richard;M
1933;C1933;Arthur;Rutherford;M
1934;C1934;Coolidge;Millard;M
1935;C1935;Johnson;Benjamin;F
1936;C1936;Cleveland;Millard;M
1937;C1937;Madison;Ronald;M
1938;C1938;Arthur;Ronald;M
1939;C1939;Nixon;Theodore;M
1940;C1940;Johnson;Benjamin;F
1941;C1941;Harrison;John;F
1942;C1942;Coolidge;William;F
1943;C1943;Jefferson;Benjamin;F
1944;C1944;Grant;Ulysses;F
1945;C1945;Monroe;Thomas;M
1946;C1946;Quincy;Dwight;M
1947;C1947;Jefferson;Warren;M
1948;C1948;McKinley;Thomas;M
1949;C1949;Madison;Zachary;F
1950;C1950;Cleveland;Calvin;F
1951;C1951;Ford;Jimmy;F
1952;C1952;Lincoln;Richard;M
1953;C1953;Taylor;Millard;M
1954;C1954;Quincy;Gerald;F
1955;C1955;Buchanan;Benjamin;F
1956;C1956;Garfield;Chester;F
1957;C1957;Jefferson;Jimmy;F
1958;C1958;Roosevelt;Lyndon;F
1959;C1959;Jefferson;Calvin;M
1960;C1960;Taft;Gerald;F
1961;C1961;McKinley;Lyndon;F
1962;C1962;Adams;Gerald;M
1963;C1963;Taft;James;M
1964;C1964;Hoover;Richard;F
1965;C1965;Eisenhower;Calvin;F
1966;C1966;Grant;George;F
1967;C1967;Van Buren;William;M
1968;C1968;Monroe;James;M
1969;C1969;Truman;Theodore;F
1970;C1970;Jackson;Franklin;M
1971;C1971;Wilson;Rutherford;M
1972;C1972;Taft;James;M
1973;C1973;Fillmore;Ulysses;F
1974;C1974;Madison;Chester;F
1975;C1975;Buchanan;Warren;M
1976;C1976;Truman;George;F
1977;C1977;Ford;Theodore;M
1978;C1978;Grant;Theodore;F
1979;C1979;Roosevelt;Calvin;M
1980;C1980;Harrison;Franklin;F
1981;C1981;Adams;Herbert;M
1982;C1982;Carter;Millard;M
1983;C1983;Nixon;Gerald;M
1984;C1984;Coolidge;Calvin;F
1985;C1985;Reagan;Rutherford;M
1986;C1986;Jackson;James;F
1987;C1987;Grant;Martin;F
1988;C1988;Hayes;George;F
1989;C1989;Reagan;Abraham;M
1990;C1990;Clinton;William;M
1991;C1991;Grant;George;M
1992;C1992;Madison;George;M
1993;C1993;Quincy;Zachary;F
1994;C1994;Hoover;Theodore;M
1995;C1995;Buchanan;Martin;M
1996;C1996;Jefferson;William;F
1997;C1997;Cleveland;Thomas;F
1998;C1998;Jackson;Abraham;F
1999;C1999;Carter;Ulysses;F
2000;C2000;Pierce;Richard;M
2001;C2001;Adams;Lyndon;M
2002;C2002;Eisenhower;Calvin;M
2003;C2003;Arthur;Harry;F
2004;C2004;Harrison;Woodrow;F
2005;C2005;Monroe;Thomas;F
2006;C2006;Adams;Thomas;M
2007;C2007;Harrison;Andrew;M
2008;C2008;Kennedy;Martin;M
2009;C2009;Garfield;Calvin;M
2010;C2010;Jackson;Calvin;M
2011;C2011;Adams;James;F
2012;C2012;Taft;John;F
2013;C2013;Hayes;Woodrow;F
2014;C2014;Lincoln;Calvin;F
2015;C2015;Harrison;George;F
2016;C2016;Washington;Warren;M
2017;C2017;Jefferson;Grover;M
2018;C2018;Taylor;Benjamin;M
2019;C2019;Pierce;Millard;F
2020;C2020;Hoover;James;F
2021;C2021;Garfield;Chester;M
2022;C2022;Hoover;Jimmy;F
2023;C2023;Clinton;Martin;F
2024;C2024;Roosevelt;Millard;F
2025;C2025;Carter;Grover;F
2026;C2026;Reagan;Rutherford;F
2027;C2027;Madison;Abraham;M
2028;C2028;Harrison;William;M
2029;C2029;Arthur;Ronald;F
2030;C2030;Truman;Theodore;F
2031;C2031;Hoover;Harry;F
2032;C2032;Harrison;Ulysses;F
2033;C2033;Kennedy;Zachary;M
2034;C2034;Roosevelt;Martin;F
2035;C2035;Johnson;Gerald;M
2036;C2036;Johnson;Dwight;M
2037;C2037;Washington;Harry;F
2038;C2038;Taylor;Theodore;F
2039;C2039;Buchanan;Zachary;F
2040;C2040;Hoover;Ulysses;M
2041;C2041;Washington;Richard;M
2042;C2042;Madison;Ronald;F
2043;C2043;Buchanan;Martin;M
2044;C2044;Adams;Abraham;F
2045;C2045;Van Buren;Grover;F
2046;C2046;Garfield;Grover;M
2047;C2047;Clinton;Millard;M
2048;C2048;Ford;Grover;M
2049;C2049;Jefferson;George;M
